{
    "name": "logoyolo-siamese-prediction",
    "context": "..",
    "dockerFile": "./Dockerfile.dev",
    "mounts": [
        // "source=${localWorkspaceFolder}/sample-data/,target=/sample-data/,type=bind,consistency=cached",
        // "source=${localWorkspaceFolder}/checkpoints/,target=/checkpoints/,type=bind,consistency=cached",
        // // "source=${localWorkspaceFolder}/tf-cache/,target=/tf-cache/,type=bind,consistency=cached",  # disabled this as alawys getting permission error in HPC
        // "source=${localWorkspaceFolder}/model-bin/,target=/model-bin/,type=bind,consistency=cached"
    ],
    // "containerEnv": {
    //     "SHELL": "/bin/bash",
    //     "ENVIRONMENT": "jupyter",
    //     "S3_ENDPOINT_URL": "http://minio-logoyolo-train:9000",
    //     "AWS_ACCESS_KEY_ID": "user",
    //     "AWS_SECRET_ACCESS_KEY": "password",
    //     "MLFLOW_TRACKING_URI": "http://172.24.25.91:5000/", 
    //     "MLFLOW_S3_ENDPOINT_URL": "http://172.24.25.2:9000/",
    //     "GIT_PYTHON_REFRESH": "quiet"
    //     // "AWS_DEFAULT_REGION": "labs"  // unused for same reason
    // },
    "build": {
        "args": {
            "USERNAME": "user",
            "USER_UID": "1000"
        }
    },
    // "runArgs": [
    //     // "--gpus", "all",
    //     "--network=logoyolo_network",
    //     "--rm"
    // ],
    "shutdownAction": "stopContainer",
    "settings": {
          "editor.tabSize": 4,
        "editor.detectIndentation":false,
        "editor.formatOnSave":false,

        "[python]": {
            "editor.formatOnSave": false,
            "editor.rulers": [
                87
            ]
        },
        "python.defaultInterpreterPath": "/usr/local/bin/python",
        "python.formatting.provider":"black",
        "python.formatting.blackPath":"/usr/local/bin/black",
        // "python.linting.enabled": true,
        // "python.linting.flake8Enabled": true,
        // "python.linting.flake8Path": "/usr/local/bin/flake8",
        // "python.linting.flake8Args": [
        //     "--max-line-length=88", 
        //     "--ignore=E402,W503"],
        // "python.linting.mypyEnabled":true
        "python.testing.pytestPath":"/usr/local/bin/pytest",
        "python.testing.pytestEnabled":true,
        "files.watcherExclude": {
            "**/.git/objects/**": true,
            "**/.git/subtree-cache/**": true,
            "**/sample-data/*": true
          }
    },  
    "extensions": [
        "ms-python.python",
        "usernamehw.errorlens",
        "njqdev.vscode-python-typehint"
    ],
    "remoteUser": "user",
    "containerUser": "user"
}
